ID,filename,RG,family,predicted_RG,ransomware_probability,risk_level,model_name,feature_strategy
12000,12-Ants_x64.exe,0,0,0,0.18,Low,rf_c_top50,Top-50 selected features after feature engineering
12001,4stAttackPortable_2.0_English.paf.exe,0,0,0,0.0,Low,rf_c_top50,Top-50 selected features after feature engineering
12002,7z1805.exe,0,0,0,0.42,Medium,rf_c_top50,Top-50 selected features after feature engineering
12003,Able-mindSR.exe,0,0,0,0.02,Low,rf_c_top50,Top-50 selected features after feature engineering
12004,ArmagetronAdvancedPortable_0.2.9.1.0.paf.exe,0,0,0,0.0,Low,rf_c_top50,Top-50 selected features after feature engineering
12005,ArthaPortable_1.0.3_English.paf.exe,0,0,0,0.0,Low,rf_c_top50,Top-50 selected features after feature engineering
12006,AtomicTanksPortable_6.6.paf.exe,0,0,0,0.0,Low,rf_c_top50,Top-50 selected features after feature engineering
12007,AutoHideDesktopIcons.exe,0,0,0,0.4,Medium,rf_c_top50,Top-50 selected features after feature engineering
12008,BRCPositivePayInstaller.exe,0,0,0,0.31,Low,rf_c_top50,Top-50 selected features after feature engineering
12009,BYONDPortable_5.0_Build_514.1583_English.paf.exe,0,0,0,0.0,Low,rf_c_top50,Top-50 selected features after feature engineering
12010,BigSolitairesPortable_1.4_Rev_3_English.paf.exe,0,0,0,0.0,Low,rf_c_top50,Top-50 selected features after feature engineering
12011,BingSnapSetup64.exe,0,0,0,0.14,Low,rf_c_top50,Top-50 selected features after feature engineering
12012,BrainWorkshopPortable_4.8.4_English.paf.exe,0,0,0,0.0,Low,rf_c_top50,Top-50 selected features after feature engineering
12013,CDC_Installer.exe,0,0,1,0.53,Medium,rf_c_top50,Top-50 selected features after feature engineering
12014,CSVBuddy-3_0-64-bit.exe,0,0,0,0.25,Low,rf_c_top50,Top-50 selected features after feature engineering
12015,CairoSetup_64bit.exe,0,0,1,0.64,Medium,rf_c_top50,Top-50 selected features after feature engineering
12016,CanabaltPortable_1.2_English.paf.exe,0,0,0,0.0,Low,rf_c_top50,Top-50 selected features after feature engineering
12017,CareUEyes_setup.exe,0,0,0,0.02,Low,rf_c_top50,Top-50 selected features after feature engineering
12018,CashAndTheCity_setup.exe,0,0,0,0.2,Low,rf_c_top50,Top-50 selected features after feature engineering
12019,ChromiumBSUPortable_0.9.13.2_English.paf.exe,0,0,0,0.0,Low,rf_c_top50,Top-50 selected features after feature engineering
12020,ClavierSetup.exe,0,0,0,0.19,Low,rf_c_top50,Top-50 selected features after feature engineering
12021,CloudTierSetup.exe,0,0,0,0.26,Low,rf_c_top50,Top-50 selected features after feature engineering
12022,DOSBox0.74-win32-installer.exe,0,0,0,0.15,Low,rf_c_top50,Top-50 selected features after feature engineering
12023,DOSBoxPortable_0.74.3.paf.exe,0,0,0,0.0,Low,rf_c_top50,Top-50 selected features after feature engineering
12024,DOSprn191.exe,0,0,0,0.02,Low,rf_c_top50,Top-50 selected features after feature engineering
12025,DatabaseBrowserPortable_5.3.2.17_English.paf.exe,0,0,0,0.0,Low,rf_c_top50,Top-50 selected features after feature engineering
12026,DeskTimeSetup.exe,0,0,0,0.19,Low,rf_c_top50,Top-50 selected features after feature engineering
12027,DesktopDigitalClock_x64_Installer.exe,0,0,0,0.27,Low,rf_c_top50,Top-50 selected features after feature engineering
12028,DesktopImages3D_x64_Install.exe,0,0,0,0.24,Low,rf_c_top50,Top-50 selected features after feature engineering
12029,DesktopOK.exe,0,0,0,0.39,Low,rf_c_top50,Top-50 selected features after feature engineering
12030,DesktopSnowOK_x64.exe,0,0,0,0.23,Low,rf_c_top50,Top-50 selected features after feature engineering
12031,DittoSetup_64bit_3_24_238_0.exe,0,0,0,0.22,Low,rf_c_top50,Top-50 selected features after feature engineering
12032,EPubMetadataEditorInstaller.exe,0,0,0,0.19,Low,rf_c_top50,Top-50 selected features after feature engineering
12033,FontExport.exe,0,0,0,0.03,Low,rf_c_top50,Top-50 selected features after feature engineering
12034,FreeAlarmClockSetup.exe,0,0,0,0.0,Low,rf_c_top50,Top-50 selected features after feature engineering
12035,FreeStopwatch.exe,0,0,0,0.44,Medium,rf_c_top50,Top-50 selected features after feature engineering
12036,FrhedPortable_2017.11.paf.exe,0,0,0,0.0,Low,rf_c_top50,Top-50 selected features after feature engineering
12037,GetSudokuPortable_1.0_Rev_2.paf.exe,0,0,0,0.0,Low,rf_c_top50,Top-50 selected features after feature engineering
12038,GoldenDictPortable_1.0.1_Rev_2.paf.exe,0,0,0,0.0,Low,rf_c_top50,Top-50 selected features after feature engineering
12039,HMNISEditPortable_2.0.3_Rev_2.paf.exe,0,0,0,0.0,Low,rf_c_top50,Top-50 selected features after feature engineering
12040,HappyPhotoViewerSetup.exe,0,0,0,0.03,Low,rf_c_top50,Top-50 selected features after feature engineering
12041,Hex-A-HopPortable_1.1.0_Rev_3_English.paf.exe,0,0,0,0.0,Low,rf_c_top50,Top-50 selected features after feature engineering
12042,HourglassInstaller.exe,0,0,0,0.41,Medium,rf_c_top50,Top-50 selected features after feature engineering
12043,IHaveNoTomatoesPortable_1.5_English.paf.exe,0,0,0,0.0,Low,rf_c_top50,Top-50 selected features after feature engineering
12044,IceBreakerPortable_2.2.1_English.paf.exe,0,0,0,0.0,Low,rf_c_top50,Top-50 selected features after feature engineering
12045,IniTranslatorPortable_1.9.0.52_Rev_2.paf.exe,0,0,0,0.0,Low,rf_c_top50,Top-50 selected features after feature engineering
12046,InstaMonitr-Free.exe,0,0,0,0.27,Low,rf_c_top50,Top-50 selected features after feature engineering
12047,JooleemPortable_0.1.4.2_English.paf.exe,0,0,0,0.0,Low,rf_c_top50,Top-50 selected features after feature engineering
12048,KoboDeluxePortable_0.5.1_Rev_2_English.paf.exe,0,0,0,0.0,Low,rf_c_top50,Top-50 selected features after feature engineering
12049,KompoZerPortable_0.8_Beta_3_English.paf.exe,0,0,0,0.0,Low,rf_c_top50,Top-50 selected features after feature engineering
12050,LBreakout2Portable_2.6.5_English.paf.exe,0,0,0,0.0,Low,rf_c_top50,Top-50 selected features after feature engineering
12051,LMarblesPortable_1.0.8_English.paf.exe,0,0,0,0.0,Low,rf_c_top50,Top-50 selected features after feature engineering
12052,LightBulb-Installer.exe,0,0,0,0.25,Low,rf_c_top50,Top-50 selected features after feature engineering
12053,MagicMouseTrails_Installer.exe,0,0,0,0.1,Low,rf_c_top50,Top-50 selected features after feature engineering
12054,Memo.exe,0,0,0,0.03,Low,rf_c_top50,Top-50 selected features after feature engineering
12055,Mines-PerfectPortable_1.4.0.4_English.paf.exe,0,0,0,0.0,Low,rf_c_top50,Top-50 selected features after feature engineering
12056,MouseJiggleSetup.exe,0,0,0,0.2,Low,rf_c_top50,Top-50 selected features after feature engineering
12057,MusicAceDemo.exe,0,0,0,0.14,Low,rf_c_top50,Top-50 selected features after feature engineering
12058,NSISPortable_3.08.0.6_English.paf.exe,0,0,0,0.0,Low,rf_c_top50,Top-50 selected features after feature engineering
12059,NetHackPortable_3.6.6_English.paf.exe,0,0,0,0.0,Low,rf_c_top50,Top-50 selected features after feature engineering
12060,Notepad2-modPortable_4.2.25.998_English.paf.exe,0,0,0,0.0,Low,rf_c_top50,Top-50 selected features after feature engineering
12061,Notepad2Portable_4.2.25_Rev_2_English.paf.exe,0,0,0,0.0,Low,rf_c_top50,Top-50 selected features after feature engineering
12062,NotepadPlusPlusPortable_8.4.9.paf.exe,0,0,0,0.0,Low,rf_c_top50,Top-50 selected features after feature engineering
12063,OneLoupe_x64.exe,0,0,0,0.33,Low,rf_c_top50,Top-50 selected features after feature engineering
12064,OnelaunchSoftware.exe,0,0,0,0.22,Low,rf_c_top50,Top-50 selected features after feature engineering
12065,OnlyStopWatch_x64.exe,0,0,0,0.31,Low,rf_c_top50,Top-50 selected features after feature engineering
12066,PathologicalPortable_1.1.2_English.paf.exe,0,0,0,0.0,Low,rf_c_top50,Top-50 selected features after feature engineering
12067,PingusPortable_0.7.6.paf.exe,0,0,0,0.0,Low,rf_c_top50,Top-50 selected features after feature engineering
12068,PointerStick_x64.exe,0,0,0,0.27,Low,rf_c_top50,Top-50 selected features after feature engineering
12069,PortableApps.comInstaller_3.7.5.paf.exe,0,0,0,0.0,Low,rf_c_top50,Top-50 selected features after feature engineering
12070,PortableApps.comLauncher_2.2.3.paf.exe,0,0,0,0.0,Low,rf_c_top50,Top-50 selected features after feature engineering
12071,PrintMyFonts.exe,0,0,1,0.8,High,rf_c_top50,Top-50 selected features after feature engineering
12072,ProcessKO_x64.exe,0,0,0,0.2,Low,rf_c_top50,Top-50 selected features after feature engineering
12073,ProjectInvinciblePortable_2.10_English.paf.exe,0,0,0,0.0,Low,rf_c_top50,Top-50 selected features after feature engineering
12074,QEyePortable_6.5.0.9_English.paf.exe,0,0,0,0.0,Low,rf_c_top50,Top-50 selected features after feature engineering
12075,RescueTimeInstaller.exe,0,0,0,0.02,Low,rf_c_top50,Top-50 selected features after feature engineering
12076,RonsEditor_2022.07.22.1402_setup.exe,0,0,0,0.19,Low,rf_c_top50,Top-50 selected features after feature engineering
12077,SWI-PrologPortable_9.0.4_English.paf.exe,0,0,0,0.0,Low,rf_c_top50,Top-50 selected features after feature engineering
12078,Sdcb.exe,0,0,0,0.13,Low,rf_c_top50,Top-50 selected features after feature engineering
12079,SetupGlocal_20190614.exe,0,0,0,0.04,Low,rf_c_top50,Top-50 selected features after feature engineering
12080,SideSlide_v5.73_Setup.exe,0,0,0,0.05,Low,rf_c_top50,Top-50 selected features after feature engineering
12081,SlideDogSetup.exe,0,0,0,0.03,Low,rf_c_top50,Top-50 selected features after feature engineering
12082,Spreadspeed3Setup.exe,0,0,0,0.18,Low,rf_c_top50,Top-50 selected features after feature engineering
12083,SqlitemanPortable_1.2.2.paf.exe,0,0,0,0.0,Low,rf_c_top50,Top-50 selected features after feature engineering
12084,TBSetup.exe,0,0,0,0.31,Low,rf_c_top50,Top-50 selected features after feature engineering
12085,TS-AudioToMIDI.exe,0,0,0,0.36,Low,rf_c_top50,Top-50 selected features after feature engineering
12086,TaskLayout-v0.7.3.1-Installer.exe,0,0,0,0.45,Medium,rf_c_top50,Top-50 selected features after feature engineering
12087,TenClipsSetup32.exe,0,0,0,0.18,Low,rf_c_top50,Top-50 selected features after feature engineering
12088,TheAeroClock_x64.exe,0,0,0,0.26,Low,rf_c_top50,Top-50 selected features after feature engineering
12089,Typelightsetup.exe,0,0,0,0.02,Low,rf_c_top50,Top-50 selected features after feature engineering
12090,Typograph_Setup.exe,0,0,0,0.04,Low,rf_c_top50,Top-50 selected features after feature engineering
12091,UltraUXThemePatcher_4.4.0.exe,0,0,0,0.27,Low,rf_c_top50,Top-50 selected features after feature engineering
12092,VideoWallpaper_setup.exe,0,0,0,0.47,Medium,rf_c_top50,Top-50 selected features after feature engineering
12093,WMSetup.exe,0,0,0,0.32,Low,rf_c_top50,Top-50 selected features after feature engineering
12094,WinDock_Setup_1_2_1.exe,0,0,0,0.02,Low,rf_c_top50,Top-50 selected features after feature engineering
12095,WinaeroTweaker-1.40.0.0-setup.exe,0,0,0,0.09,Low,rf_c_top50,Top-50 selected features after feature engineering
12096,WordCreator.exe,0,0,1,0.79,High,rf_c_top50,Top-50 selected features after feature engineering
12097,XAMPP_1.7.paf.exe,0,0,0,0.05,Low,rf_c_top50,Top-50 selected features after feature engineering
12098,ZoomIt64.exe,0,0,0,0.21,Low,rf_c_top50,Top-50 selected features after feature engineering
12099,acereader.exe,0,0,0,0.12,Low,rf_c_top50,Top-50 selected features after feature engineering
12100,autoleavemeeting.exe,0,0,0,0.25,Low,rf_c_top50,Top-50 selected features after feature engineering
12101,calajaws.exe,0,0,0,0.34,Low,rf_c_top50,Top-50 selected features after feature engineering
12102,cdbxp_setup_4.5.2.4291.exe,0,0,0,0.1,Low,rf_c_top50,Top-50 selected features after feature engineering
12103,colorclassic.exe,0,0,0,0.07,Low,rf_c_top50,Top-50 selected features after feature engineering
12104,desktopcal-setup-v2.exe,0,0,0,0.02,Low,rf_c_top50,Top-50 selected features after feature engineering
12105,dfsetup221.exe,0,0,0,0.03,Low,rf_c_top50,Top-50 selected features after feature engineering
12106,edraw-max_setup_full5371.exe,0,0,0,0.22,Low,rf_c_top50,Top-50 selected features after feature engineering
12107,gVimPortable_9.0.paf.exe,0,0,0,0.0,Low,rf_c_top50,Top-50 selected features after feature engineering
12108,greenwaterfalls.exe,0,0,0,0.02,Low,rf_c_top50,Top-50 selected features after feature engineering
12109,health-break-reminder.exe,0,0,0,0.1,Low,rf_c_top50,Top-50 selected features after feature engineering
12110,letsview-setup.exe,0,0,0,0.39,Low,rf_c_top50,Top-50 selected features after feature engineering
12111,lightpdf-setup.exe,0,0,0,0.32,Low,rf_c_top50,Top-50 selected features after feature engineering
12112,litesetup_x64_en.exe,0,0,0,0.2,Low,rf_c_top50,Top-50 selected features after feature engineering
12113,localcooling-2.0-installer_Zap-q31.exe,0,0,0,0.32,Low,rf_c_top50,Top-50 selected features after feature engineering
12114,logframer_31_setup.exe,0,0,0,0.2,Low,rf_c_top50,Top-50 selected features after feature engineering
12115,mit-scratch-3.29.1-installer_3G67a-1.exe,0,0,0,0.32,Low,rf_c_top50,Top-50 selected features after feature engineering
12116,netPanzerPortable_0.8.7_English.paf.exe,0,0,0,0.0,Low,rf_c_top50,Top-50 selected features after feature engineering
12117,nexusfont_setup_2.7.1.exe,0,0,0,0.24,Low,rf_c_top50,Top-50 selected features after feature engineering
12118,nfopad181.exe,0,0,0,0.13,Low,rf_c_top50,Top-50 selected features after feature engineering
12119,pebuilder3110a.exe,0,0,0,0.15,Low,rf_c_top50,Top-50 selected features after feature engineering
12120,printdistributor-2019.4.5.1048.exe,0,0,0,0.02,Low,rf_c_top50,Top-50 selected features after feature engineering
12121,rufus-3.3p.exe,0,0,0,0.02,Low,rf_c_top50,Top-50 selected features after feature engineering
12122,setupGMS3.exe,0,0,0,0.02,Low,rf_c_top50,Top-50 selected features after feature engineering
12123,setup_BakadoPlayer.exe,0,0,0,0.12,Low,rf_c_top50,Top-50 selected features after feature engineering
12124,setup_DTT.exe,0,0,0,0.02,Low,rf_c_top50,Top-50 selected features after feature engineering
12125,setup_FSL_Launcher.exe,0,0,0,0.02,Low,rf_c_top50,Top-50 selected features after feature engineering
12126,setup_IconRestorer.exe,0,0,0,0.12,Low,rf_c_top50,Top-50 selected features after feature engineering
12127,setup_SuperFinderXT.exe,0,0,0,0.02,Low,rf_c_top50,Top-50 selected features after feature engineering
12128,setup_WatchDOG.exe,0,0,0,0.1,Low,rf_c_top50,Top-50 selected features after feature engineering
12129,setup_multitimer.exe,0,0,0,0.13,Low,rf_c_top50,Top-50 selected features after feature engineering
12130,sonma-typing-expert-2.01.0000-installer_1-VnWd1.exe,0,0,0,0.32,Low,rf_c_top50,Top-50 selected features after feature engineering
12131,tnp631se_uni.exe,0,0,0,0.28,Low,rf_c_top50,Top-50 selected features after feature engineering
12132,tyt2022setup.exe,0,0,0,0.02,Low,rf_c_top50,Top-50 selected features after feature engineering
22000,002e70b8fde758f88adc506f3c71df1eb32ce1a2b5bec45f3e8e43dba923709f,1,26,1,0.99,High,rf_c_top50,Top-50 selected features after feature engineering
22001,01792043e07a0db52664c5878b253531b293754dc6fd6a8426899c1a66ddd61f,1,26,1,0.99,High,rf_c_top50,Top-50 selected features after feature engineering
22002,05f6252ae8441e6198a97e7bbae93c03fff0850e082406d6d784274d5ae07122,1,26,1,0.99,High,rf_c_top50,Top-50 selected features after feature engineering
22003,0b1f19ba8740b10ed017671aab023228756a6864fb008bf23f3c606189bdcd98,1,26,1,0.99,High,rf_c_top50,Top-50 selected features after feature engineering
22004,0befaa4e0feb435459faba84b6952dd7ebfa77d74059a6f7d154d75491fd1c14,1,26,1,0.99,High,rf_c_top50,Top-50 selected features after feature engineering
22005,0c50b3543005814bebd996484e72eb53d57d369781f9b979f78d70733672278b,1,26,1,0.99,High,rf_c_top50,Top-50 selected features after feature engineering
22006,0d094770db65ec637489116e1510ee787a48d6d130aad26ae40f7dbca6fe7182,1,26,1,0.99,High,rf_c_top50,Top-50 selected features after feature engineering
22007,0f22ae8e435cfeb4e527199c9083e7093c79892656eff686d55909e8528493db,1,26,1,0.99,High,rf_c_top50,Top-50 selected features after feature engineering
22008,123888ff76ffd20da224ef3afed3fd564c4f6fef6c2169bccdbb81a9d7cc9d0b,1,26,1,0.99,High,rf_c_top50,Top-50 selected features after feature engineering
22009,1b0433a15184ab1859a01b0092ccc9d56d9e5536fbf91493ba4b9e681165122a,1,26,1,0.99,High,rf_c_top50,Top-50 selected features after feature engineering
22010,1f102cc8bb6a14cc2bd9b9311acb66ed5a6035e8510ea34a328a7bc09d9a3a81,1,26,1,0.99,High,rf_c_top50,Top-50 selected features after feature engineering
22011,2736d807b3d6e2dc3bedbfcd1d460df0b5065b36258ea6dc820f565d82f5d0a7,1,26,1,0.99,High,rf_c_top50,Top-50 selected features after feature engineering
22012,27cd3e759ec4858adaea63050ad1fc22e4850c1e157d88c0943c2589fa39b5a4,1,26,1,0.99,High,rf_c_top50,Top-50 selected features after feature engineering
22013,29910ea42c8e2abb22d5a88053e1725c93a104e61560a2f8d88716d619bcaa08,1,26,1,0.99,High,rf_c_top50,Top-50 selected features after feature engineering
22014,31a6ddb891c3470c6d32ced24aaa5de84c77b24042a44c157d456e31c9325402,1,26,1,0.99,High,rf_c_top50,Top-50 selected features after feature engineering
22015,373a791f058539d72983e38ebe68e98132fcf996d04e9a181145f22a96689386,1,26,1,0.99,High,rf_c_top50,Top-50 selected features after feature engineering
22016,380275cac2a1793403674bd8cb686b478f457d65c25e3d58a3a1f856f829723b,1,26,1,0.99,High,rf_c_top50,Top-50 selected features after feature engineering
22017,43b7a60c0ef8b4af001f45a0c57410b7374b1d75a6811e0dfc86e4d60f503856,1,26,1,0.99,High,rf_c_top50,Top-50 selected features after feature engineering
22018,452967e7a2a6102a50036faa6f348b57ca5c514992bf8f7e0416d2dd9b1ab13a,1,26,1,0.99,High,rf_c_top50,Top-50 selected features after feature engineering
22019,45b95b6ee5a726bf41b6a52020bb03cdf128e381998f317d8bd34deb4074cf62,1,26,1,0.99,High,rf_c_top50,Top-50 selected features after feature engineering
22020,5b7bed7349f6b1499b7eac111d7264101b13eeb9684830a4a93bab5f9d79d77e,1,26,1,0.99,High,rf_c_top50,Top-50 selected features after feature engineering
22021,5d6e4bd7bd7239fab20e043fb292974497297af89759b1b0d48d7d006e5e96fa,1,26,1,0.99,High,rf_c_top50,Top-50 selected features after feature engineering
22022,5db3f3c20f7860682ea6d7ebbe3db042337aa18d874f26699213cef2a5764304,1,26,1,0.99,High,rf_c_top50,Top-50 selected features after feature engineering
22023,603b5241cb49ef17c2522b60600b15d9e1273ccbf4d39aec4d34e16297968955,1,26,1,0.99,High,rf_c_top50,Top-50 selected features after feature engineering
22024,62a8e739d111437b798d1b5f9286366c10cb48a1a7818519babc7f3a9bb5124e,1,26,1,0.99,High,rf_c_top50,Top-50 selected features after feature engineering
22025,66de24f5e32ddf0b20d64701862f3c23071018cc0758e34f487cdf795a89b73b,1,26,1,0.99,High,rf_c_top50,Top-50 selected features after feature engineering
22026,6cc510a772d7718c95216eb56a84a96201241b264755f28875e685f06e95e1a2,1,26,1,0.99,High,rf_c_top50,Top-50 selected features after feature engineering
22027,718810b8eeb682fc70df602d952c0c83e028c5a5bfa44c506756980caf2edebb,1,26,1,0.99,High,rf_c_top50,Top-50 selected features after feature engineering
22028,7d1e470e36c68e1156a7828f8002254dcde68dc61f998ab5636c12ba63f472dd,1,26,1,0.99,High,rf_c_top50,Top-50 selected features after feature engineering
22029,8374cd9a8c03d900eefcd0bae936eed24532868c9090e919f6c303d9e0029c9d,1,26,1,0.93,High,rf_c_top50,Top-50 selected features after feature engineering
22030,84d94c032543e8797a514323b0b8fd8bd69b4183f17351628b13d1464093af2d,1,26,1,0.99,High,rf_c_top50,Top-50 selected features after feature engineering
22031,85115951fe456441a3f6fccd09b9101b12255ac4e029c3b0c8be1ab450a4bc6c,1,26,1,0.99,High,rf_c_top50,Top-50 selected features after feature engineering
22032,8ac411f4b10581c38be5c2767747ee0a9279eb4faf02d8e7842b8376e8f742bf,1,26,1,0.99,High,rf_c_top50,Top-50 selected features after feature engineering
22033,93b11a9a72d51d4aa80c0791c19dcc49cc164ae98b67cdff619743766611e947,1,26,1,0.99,High,rf_c_top50,Top-50 selected features after feature engineering
22034,9a2c0204689a19d372560fb1da472e25c9747289178a81a8aa4e3622a63fe773,1,26,1,0.99,High,rf_c_top50,Top-50 selected features after feature engineering
22035,9e4b3871a7ea10afc1ad09f93f9205b6aa1863a984c729ee764eac2215d322e6,1,26,1,0.99,High,rf_c_top50,Top-50 selected features after feature engineering
22036,a1b504b8e34200d8029f6d75491d517e460162cb9df438257ee4ed85f61c18bc,1,26,1,0.99,High,rf_c_top50,Top-50 selected features after feature engineering
22037,b4c4e9aabd821e6a664fb320a043c133e4e3d0381342079a50e12ca017f489bc,1,26,1,0.99,High,rf_c_top50,Top-50 selected features after feature engineering
22038,bff12a83b1fc2e0ad0000ad9b68abc8eada559bb1094caaf5b9f52887df23705,1,26,1,0.99,High,rf_c_top50,Top-50 selected features after feature engineering
22039,c0a42741eef72991d9d0ee8b6c0531fc19151457a8b59bdcf7b6373d1fe56e02,1,26,1,0.98,High,rf_c_top50,Top-50 selected features after feature engineering
22040,c65547704c20045f006d0653144101bbdf9dd5d2aa6b4db61b83f847704b10f6,1,26,1,0.99,High,rf_c_top50,Top-50 selected features after feature engineering
22041,c7307b1cfd6685c2b3a19a7239a40e8afa5432ffe039bb4b3caca8a70ad1eed6,1,26,1,0.98,High,rf_c_top50,Top-50 selected features after feature engineering
22042,da6e60b4e39c6c556836a18a09a52cd83c47f9cf6dc9e3ad298cbcb925a62a96,1,26,1,0.99,High,rf_c_top50,Top-50 selected features after feature engineering
22043,e2a945032dc77a8a9d36b709438612aca5858eee52d7c0ad1e375f9e9e080305,1,26,1,0.99,High,rf_c_top50,Top-50 selected features after feature engineering
22044,e62c0bdf69b88a5bd95872cbcf4da4de4eef226bc9ef0452ee652eeee519b15a,1,26,1,0.99,High,rf_c_top50,Top-50 selected features after feature engineering
22045,ec955f589f25d0d28e55964a1aa79c27492026982994cd4ca1faf7e8a78db4bc,1,26,1,0.99,High,rf_c_top50,Top-50 selected features after feature engineering
22046,f810deb1ba171cea5b595c6d3f816127fb182833f7a08a98de93226d4f6a336f,1,26,1,0.99,High,rf_c_top50,Top-50 selected features after feature engineering
22047,f8e99bbacc62b0f72aa12f5f92e35607fa0382a881fe4a4b9476fc6b87a03c78,1,26,1,0.99,High,rf_c_top50,Top-50 selected features after feature engineering
22048,fb544e1f74ce02937c3a3657be8d125d5953996115f65697b7d39e237020706f,1,26,1,0.99,High,rf_c_top50,Top-50 selected features after feature engineering
22049,ffd933ad53f22a0f10cceb4986087258f72dffdd36999b7014c6b37c157ee45f,1,26,1,0.99,High,rf_c_top50,Top-50 selected features after feature engineering
22050,1fd07b8d1728e416f897bef4f1471126f9b18ef108eb952f4b75050da22e8e43,1,27,1,1.0,High,rf_c_top50,Top-50 selected features after feature engineering
22051,20bab94e6d9c8ed4832ce3b58f9150b16f9e5f40ffdcb747e10366cab5a30352,1,27,1,0.99,High,rf_c_top50,Top-50 selected features after feature engineering
22052,3a2f6e614ff030804aa18cb03fcc3bc357f6226786efb4a734cbe2a3a1984b6f,1,27,1,0.99,High,rf_c_top50,Top-50 selected features after feature engineering
22053,46d340eaf6b78207e24b6011422f1a5b4a566e493d72365c6a1cace11c36b28b,1,27,1,1.0,High,rf_c_top50,Top-50 selected features after feature engineering
22054,50c86fb27bed1962903a5f9d155544e3fdb859ae19e967a10f0bf3a60bb8954f,1,27,1,0.99,High,rf_c_top50,Top-50 selected features after feature engineering
22055,c0fe7bfb0d1ffeb61fb9cafeeab79ffd1660ff3637798e315ff15d802a3c974e,1,27,1,0.99,High,rf_c_top50,Top-50 selected features after feature engineering
22056,cd17afd9115b2d83e948a1bcabf508f42d0fe7edb56cc62f5cc467c938e45033,1,27,1,0.99,High,rf_c_top50,Top-50 selected features after feature engineering
22057,d602562ba7273695df9248a8590b510ccd49fefb97f5c75d485895abba13418d,1,27,1,0.99,High,rf_c_top50,Top-50 selected features after feature engineering
22058,da7a959ae7ea237bb6cd913119a35baa43a68e375f892857f6d77eaa62aabbaf,1,27,1,0.99,High,rf_c_top50,Top-50 selected features after feature engineering
22059,eaf5e26c5e73f3db82cd07ea45e4d244ccb3ec3397ab5263a1a74add7bbcb6e2,1,27,1,1.0,High,rf_c_top50,Top-50 selected features after feature engineering
22060,f7a3a8734c004682201b8873691d684985329be3fcdba965f268103a086ebaad,1,27,1,0.99,High,rf_c_top50,Top-50 selected features after feature engineering
22061,03309c90e6c60a2e3cd44374efa3003ae10cd9e05ba6a39c77aa5289b32cb969,1,28,1,0.76,High,rf_c_top50,Top-50 selected features after feature engineering
22062,15560b1e35a3a8612a7ba91d00dea6b8dd6e4f3f857399c22c0c75377c9b31a2,1,28,0,0.33,Low,rf_c_top50,Top-50 selected features after feature engineering
22063,15abbff9fbce7f5782c1654775938dcd2ce0a8ebd683a008547f8a4e421888c4,1,28,1,1.0,High,rf_c_top50,Top-50 selected features after feature engineering
22064,17205c43189c22dfcb278f5cc45c2562f622b0b6280dcd43cc1d3c274095eb90,1,28,1,1.0,High,rf_c_top50,Top-50 selected features after feature engineering
22065,1bb7e645d4ff753157bbdd78829276356cb6660a767ab7158fc7dec3fe8b0e2f,1,28,0,0.42,Medium,rf_c_top50,Top-50 selected features after feature engineering
22066,203d2807df6ef531efbec7bfd109986de3e23df64c01ea4e337cbe5ba675248b,1,28,1,1.0,High,rf_c_top50,Top-50 selected features after feature engineering
22067,2327018dab0e3beaed2123bcb5392405ab1e502dfa72a5a32c2c164346bb9bc6,1,28,0,0.4,Medium,rf_c_top50,Top-50 selected features after feature engineering
22068,350ba7fca67721c74385faff083914ecdd66ef107a765dfb7ac08b38d5c9c0bd,1,28,0,0.47,Medium,rf_c_top50,Top-50 selected features after feature engineering
22069,48976d7bf38cca4e952507e9ab27e3874ca01092eed53d0fde89c5966e9533bb,1,28,1,1.0,High,rf_c_top50,Top-50 selected features after feature engineering
22070,5b6c3d277711d9f847be59b16fd08390fc07d3b27c7c6804e2170f456e9f1173,1,28,1,1.0,High,rf_c_top50,Top-50 selected features after feature engineering
22071,5d2204f3a20e163120f52a2e3595db19890050b2faa96c6cba6b094b0a52b0aa,1,28,1,1.0,High,rf_c_top50,Top-50 selected features after feature engineering
22072,653da5127b0ecbc5c373ce510c0d5191f61f2df912c9b6f4989aa3775933bc33,1,28,0,0.41,Medium,rf_c_top50,Top-50 selected features after feature engineering
22073,699aaea1598a034cde7ed88cd8a8a36fd59447e09bddef566357061774c48a76,1,28,1,1.0,High,rf_c_top50,Top-50 selected features after feature engineering
22074,7883f01096db9bcf090c2317749b6873036c27ba92451b212b8645770e1f0b8a,1,28,1,1.0,High,rf_c_top50,Top-50 selected features after feature engineering
22075,81515e1c72fadae2c4bb15883e0c1d8979b49fd52d8c65ca03e05a75ca6683c9,1,28,0,0.46,Medium,rf_c_top50,Top-50 selected features after feature engineering
22076,856b5dc509c17f5be68186b6a8ab272fc0dd12000c978548d8488ee997b015e5,1,28,1,0.75,High,rf_c_top50,Top-50 selected features after feature engineering
22077,9a55f55886285eef7ffabdd55c0232d1458175b1d868c03d3e304ce7d98980bc,1,28,1,1.0,High,rf_c_top50,Top-50 selected features after feature engineering
22078,9b57d94b33cd712bf409e0128f26a75d2d9746ef65012ce6cd72caf47650d2a6,1,28,0,0.4,Medium,rf_c_top50,Top-50 selected features after feature engineering
22079,9bbe6414ce22cb5e19f294004cb5cdbc883479d99629ddcdb5b70e9806306e42,1,28,1,1.0,High,rf_c_top50,Top-50 selected features after feature engineering
22080,9fce9ee85516533bae34fc1184a7cf31fa9f2c7889b13774f83d1df561708833,1,28,1,1.0,High,rf_c_top50,Top-50 selected features after feature engineering
22081,a083060d38984e7c6f36dcd2c57ec1aa3f50f9c201c8538257c8cbf2b3217e96,1,28,1,0.77,High,rf_c_top50,Top-50 selected features after feature engineering
22082,a9503a3d998e705c37d3bec7fea0ff188bcf7e753833c8b4b195e590c4ed9625,1,28,1,0.67,Medium,rf_c_top50,Top-50 selected features after feature engineering
22083,aa7ef4bb8d0eab74af36162fe42056008d7e19e62ff1b50b870e72140a7b5bd2,1,28,1,0.8,High,rf_c_top50,Top-50 selected features after feature engineering
22084,ae7c868713e1d02b4db60128c651eb1e3f6a33c02544cc4cb57c3aa6c6581b6e,1,28,1,1.0,High,rf_c_top50,Top-50 selected features after feature engineering
22085,affcb453760dbc48b39f8d4defbcc4fc65d00df6fae395ee27f031c1833abada,1,28,1,1.0,High,rf_c_top50,Top-50 selected features after feature engineering
22086,c4c8be0c939e4c24e11bad90549e3951b7969e78056d819425ca53e87af8d8ed,1,28,0,0.44,Medium,rf_c_top50,Top-50 selected features after feature engineering
22087,c532d28f9700abba1a4803c3a9d886c8c4fb26f84cf2399c533d68cfdcec4fa7,1,28,1,0.55,Medium,rf_c_top50,Top-50 selected features after feature engineering
22088,cb6e26c2ab8dc2148d4f3f3102d1c257b2f22aba749463c04b1a420742eb92bc,1,28,1,0.81,High,rf_c_top50,Top-50 selected features after feature engineering
22089,cce74c82a718be7484abf7c51011793f2717cfb2068c92aa35416a93cbd13cfa,1,28,1,1.0,High,rf_c_top50,Top-50 selected features after feature engineering
22090,d943a4aabd76582218fd1a9a0a77b2f6a6715b198f9994f0feae6f249b40fdf9,1,28,1,1.0,High,rf_c_top50,Top-50 selected features after feature engineering
22091,e28188e516db1bda9015c30de59a2e91996b67c2e2b44989a6b0f562577fd757,1,28,0,0.35,Low,rf_c_top50,Top-50 selected features after feature engineering
22092,e9fefd053b8c77c7db13d528b97d2b974dfd86775a8cc9c53b8efdb07db8842c,1,28,1,0.54,Medium,rf_c_top50,Top-50 selected features after feature engineering
22093,0b102d8ac22224747d38c9fbf2c91579abae050357f0a1d01fac1ec1315ad291,1,29,1,0.52,Medium,rf_c_top50,Top-50 selected features after feature engineering
22094,1df11bc19aa52b623bdf15380e3fded56d8eb6fb7b53a2240779864b1a6474ad,1,29,1,0.57,Medium,rf_c_top50,Top-50 selected features after feature engineering
22095,388163c9ec1458c779849db891e17efb16a941ca598c4c3ac3a50a77086beb69,1,29,1,0.56,Medium,rf_c_top50,Top-50 selected features after feature engineering
22096,3de8fe5cee8180e93697e4ddca87e721910b9dd922de849cab7b1b3a50e54a00,1,29,1,0.56,Medium,rf_c_top50,Top-50 selected features after feature engineering
22097,44a5e78fce5455579123af23665262b10165ac710a9f7538b764af76d7771550,1,29,1,0.51,Medium,rf_c_top50,Top-50 selected features after feature engineering
22098,534f5fbb7669803812781e43c30083e9197d03f97f0d860ae7d9a59c0484ace4,1,29,0,0.36,Low,rf_c_top50,Top-50 selected features after feature engineering
22099,6f36a4a1364cfb063a0463d9e1287248700ccf1e0d8e280e034b02cf3db3c442,1,29,0,0.5,Medium,rf_c_top50,Top-50 selected features after feature engineering
22100,70e861184ba4bf7b1f5aa549b15b0207519f9b7ecd4ecdeaf99af832f88285a5,1,29,0,0.5,Medium,rf_c_top50,Top-50 selected features after feature engineering
22101,8d2581e5cc6e6fdf17558afe025ff84d9023ea636aca74dee39900d8f523e912,1,29,1,0.57,Medium,rf_c_top50,Top-50 selected features after feature engineering
22102,9103194d32a15ea9e8ede1c81960a5ba5d21213de55df52a6dac409f2e58bcfe,1,29,0,0.36,Low,rf_c_top50,Top-50 selected features after feature engineering
22103,938a0841b643da4d0e04848b04b7f735c64e05ce45b5118618c6af685d651f08,1,29,0,0.5,Medium,rf_c_top50,Top-50 selected features after feature engineering
22104,e434ec347a8ea1f0712561bccf0153468a943e16d2cd792fbc72720bd0a8002e,1,29,0,0.36,Low,rf_c_top50,Top-50 selected features after feature engineering
22105,ffc4d94a26ea7bcf48baffd96d33d3c3d53df1bb2c59567f6d04e02e7e2e5aaa,1,29,0,0.35,Low,rf_c_top50,Top-50 selected features after feature engineering
22106,1048a41107f4d9a68c1f5fc0b99ac75dc198047f18bb6e50f3d462f262b8f6cd,1,30,0,0.45,Medium,rf_c_top50,Top-50 selected features after feature engineering
22107,12138a12e35563461860d8c39d80e7cbf80aced9a3f197bf7e6a452a70e07048,1,30,0,0.43,Medium,rf_c_top50,Top-50 selected features after feature engineering
22108,13828b390d5f58b002e808c2c4f02fdd920e236cc8015480fa33b6c1a9300e31,1,30,0,0.45,Medium,rf_c_top50,Top-50 selected features after feature engineering
22109,15b57c1b68cd6ce3c161042e0f3be9f32d78151fe95461eedc59a79fc222c7ed,1,30,0,0.45,Medium,rf_c_top50,Top-50 selected features after feature engineering
22110,1e8696116c400742d13d6dfcad676badee68eac4a42a0693556f5dcfa82d0a46,1,30,0,0.43,Medium,rf_c_top50,Top-50 selected features after feature engineering
22111,214ea9347df948e515af3f0ed446722e36f011e8cd34a221eb6e506269b955f3,1,30,0,0.43,Medium,rf_c_top50,Top-50 selected features after feature engineering
22112,25364fb9f14a97437eb079e0778f724f3817faa7d23de316b2eca11bdae1e343,1,30,0,0.45,Medium,rf_c_top50,Top-50 selected features after feature engineering
22113,32304c278117353bd112132323055e113b62182d1efcc83abec1e736cf8da9e1,1,30,0,0.43,Medium,rf_c_top50,Top-50 selected features after feature engineering
22114,3850817e83a1cf4195920110bb2995a0386fdaeacbf81e13f52bdb3d124911f5,1,30,0,0.45,Medium,rf_c_top50,Top-50 selected features after feature engineering
22115,3a96c3075b8494fe6a76c6325946ab3f200e75ce26ad886446ea1394b5ac6ba1,1,30,0,0.43,Medium,rf_c_top50,Top-50 selected features after feature engineering
22116,3b18241ac1018db1c2fb5c9e8306490bcafb373c852f1c5ebae65c672632a620,1,30,0,0.45,Medium,rf_c_top50,Top-50 selected features after feature engineering
22117,3c8ad2dae0b1bb536925b4e8d5a87e77c6134371eada2c7628358d6c6d3083dc,1,30,0,0.45,Medium,rf_c_top50,Top-50 selected features after feature engineering
22118,3de2a56cc13e85bc214d583dbd101857a129b796dae0c499fb5045a1508231ef,1,30,0,0.43,Medium,rf_c_top50,Top-50 selected features after feature engineering
22119,3ed830b0803b63aca0a82661475c863801afd2e2b03c2675b05019d55f25a1f4,1,30,0,0.45,Medium,rf_c_top50,Top-50 selected features after feature engineering
22120,4fea41b61b2bd700fc6613c18c05aeb4df37bcbe777868081b0ed1076ee7aacb,1,30,0,0.43,Medium,rf_c_top50,Top-50 selected features after feature engineering
22121,59868f4b346bd401e067380cac69080709c86e06fae219bfb5bc17605a71ab3f,1,30,0,0.45,Medium,rf_c_top50,Top-50 selected features after feature engineering
22122,5a604a8f0e72f3bf7901b7b67f881031a402ab8072269c00233a554df548f54d,1,30,0,0.45,Medium,rf_c_top50,Top-50 selected features after feature engineering
22123,655abd0b5067ec53b25ea387c9aebe0fbafd5209e53bc7447c7d7425cb76b175,1,30,0,0.45,Medium,rf_c_top50,Top-50 selected features after feature engineering
22124,6660d0e87a142ab1bde4521d9c6f5e148490b05a57c71122e28280b35452e896,1,30,0,0.45,Medium,rf_c_top50,Top-50 selected features after feature engineering
22125,67d1f4077e929385cfd869bf279892bf10a2c8f0af4119e4bc15a2add9461fec,1,30,0,0.45,Medium,rf_c_top50,Top-50 selected features after feature engineering
22126,6dd995d896a9a593b2c48d09da60bd83866d8577273f36d38788d83ad8173e68,1,30,0,0.43,Medium,rf_c_top50,Top-50 selected features after feature engineering
22127,731adcf2d7fb61a8335e23dbee2436249e5d5753977ec465754c6b699e9bf161,1,30,0,0.45,Medium,rf_c_top50,Top-50 selected features after feature engineering
22128,74abc075fc1d5c8985c952afc25a48ba874e76f96af4dc33414e84db9e10b9ee,1,30,0,0.45,Medium,rf_c_top50,Top-50 selected features after feature engineering
22129,79802d6a6be8433720857d2b53b46f8011ec734a237aae1c3c1fea50ff683c13,1,30,0,0.45,Medium,rf_c_top50,Top-50 selected features after feature engineering
22130,7b2449bb8be1b37a9d580c2592a67a759a3116fe640041d0f36dc93ca3db4487,1,30,0,0.45,Medium,rf_c_top50,Top-50 selected features after feature engineering
22131,7bb383b31d1b415bc067e612203cc6bda53e914f7ca5291299e92f59d47cabf8,1,30,0,0.45,Medium,rf_c_top50,Top-50 selected features after feature engineering
22132,82479ba19531a5b3f108f21f939190de2073395a708bb4446d6acc398518b802,1,30,0,0.43,Medium,rf_c_top50,Top-50 selected features after feature engineering
22133,87a14583b72250a660b74f1e475a268f95285820d72fbd5115f1b8c6ec787a9a,1,30,0,0.43,Medium,rf_c_top50,Top-50 selected features after feature engineering
22134,8a22a91c931ac80ca91cf91fef678c4bee00e3eb5ad24f209bc8595e012ba5b0,1,30,0,0.43,Medium,rf_c_top50,Top-50 selected features after feature engineering
22135,942946c6ae139b1f1efc91262f91034542eb75b80c3c66c10d69dda014d706d6,1,30,0,0.43,Medium,rf_c_top50,Top-50 selected features after feature engineering
22136,94e56379b7a31b01cf826076a74fc4ddb7f86f7991a6f58300f28712d484aa33,1,30,0,0.43,Medium,rf_c_top50,Top-50 selected features after feature engineering
22137,99d09068ac1b9d6db4f8bcff698ffff8e112a506c0f01afff460c5a3b1393ef8,1,30,0,0.43,Medium,rf_c_top50,Top-50 selected features after feature engineering
22138,9f6876762614e407d0ee6005f165dd4bbd12cb21986abc4a3a5c7dc6271fcdc3,1,30,0,0.45,Medium,rf_c_top50,Top-50 selected features after feature engineering
22139,9fb1067dd3edf3d517517e9c191f3f07067bf30aa034a36ebf6543d83cea5ec1,1,30,0,0.45,Medium,rf_c_top50,Top-50 selected features after feature engineering
22140,a15f278540238f0308608e76a76c01c60e04f5e5bbe9ffce5455f2e965574a12,1,30,0,0.45,Medium,rf_c_top50,Top-50 selected features after feature engineering
22141,acf8884a4bfb9ebfe99ed607c4f1cf625cd705ac4317c092ef6dcca3d47027aa,1,30,0,0.43,Medium,rf_c_top50,Top-50 selected features after feature engineering
22142,bacedbb23254934b736a9daf6de52620c9250a49686d519ceaf0a8d25da0a97f,1,30,0,0.45,Medium,rf_c_top50,Top-50 selected features after feature engineering
22143,bb6b249336cd7001b1c55d3724b5e35a150e752ed795c36e0d5dcba00eedb62a,1,30,0,0.43,Medium,rf_c_top50,Top-50 selected features after feature engineering
22144,bd337d4e83ab1c2cacb43e4569f977d188f1bb7c7a077026304bf186d49d4117,1,30,0,0.45,Medium,rf_c_top50,Top-50 selected features after feature engineering
22145,bd4e603e953d8c7803f3c7d72cd7197d996ab80ce80b9da96a4df7d10969bb55,1,30,0,0.43,Medium,rf_c_top50,Top-50 selected features after feature engineering
22146,c124dc2c4f82b3258f1538656de8cbd2c5133137cad2d6c7b874de8232763d95,1,30,0,0.45,Medium,rf_c_top50,Top-50 selected features after feature engineering
22147,c50bca08a8e80850ec18d258ff937b7b72a500d9027c730c86b05aa73c938b5d,1,30,0,0.45,Medium,rf_c_top50,Top-50 selected features after feature engineering
22148,cefea76dfdbb48cfe1a3db2c8df34e898e29bec9b2c13e79ef40655c637833ae,1,30,0,0.47,Medium,rf_c_top50,Top-50 selected features after feature engineering
22149,d0e0923cf7f97c86b6cde608bc7a0332d03881e598de7b8e41c114d1576e4534,1,30,0,0.45,Medium,rf_c_top50,Top-50 selected features after feature engineering
22150,d3fd49f8f42fa571209af568a65119433e114bb66da21eda12b96a16b5ebfe21,1,30,0,0.45,Medium,rf_c_top50,Top-50 selected features after feature engineering
22151,d767524e1bbb8d50129485ffa667eb1d379c745c30d4588672636998c20f857f,1,30,0,0.45,Medium,rf_c_top50,Top-50 selected features after feature engineering
22152,e55cc3426298f9f848849304d10b9222925eb19caebaebaa44dfb85ad2346062,1,30,0,0.43,Medium,rf_c_top50,Top-50 selected features after feature engineering
22153,e88795f5be1970400521e0041c4603c62ff681f24ac75f926d524d092eecb6ee,1,30,0,0.43,Medium,rf_c_top50,Top-50 selected features after feature engineering
22154,f2b3f1ed693021b20f456a058b86b08abfc4876c7a3ae18aea6e95567fd55b2e,1,30,0,0.45,Medium,rf_c_top50,Top-50 selected features after feature engineering
22155,f837f1cd60e9941aa60f7be50a8f2aaaac380f560db8ee001408f35c1b7a97cb,1,30,0,0.45,Medium,rf_c_top50,Top-50 selected features after feature engineering
22156,06ad123df8f3fcc6ca4785c0b52fc57e6e54f44e403fca2fdbd339580d3c53b0,1,31,1,0.68,Medium,rf_c_top50,Top-50 selected features after feature engineering
22157,11ae63b3a7caac549374aaa3c7fea9cba7f23ae83118745fee0a4157f61156f2,1,31,1,0.68,Medium,rf_c_top50,Top-50 selected features after feature engineering
22158,11e409f8b0799cd64c53d40ff10cbc639a1f85cd5ba6544fe42689a96302cc2e,1,31,1,0.67,Medium,rf_c_top50,Top-50 selected features after feature engineering
22159,18329783ad51783d679aec6111ca171eb1176f8fa866949a5267009c14605aa6,1,31,1,0.68,Medium,rf_c_top50,Top-50 selected features after feature engineering
22160,1b44b3e401f26547ee820bc0fe90904c55ec59d74e4385fe5bdd1826738fa9e6,1,31,1,0.67,Medium,rf_c_top50,Top-50 selected features after feature engineering
22161,2176a3cdf5db56f5dcab475f362d459d4b2b3dafc3c146caaf3100009d0c8a5f,1,31,1,0.68,Medium,rf_c_top50,Top-50 selected features after feature engineering
22162,2280898cb29faf1785e782596d8029cb471537ec38352e5c17cc263f1f52b8ef,1,31,1,0.68,Medium,rf_c_top50,Top-50 selected features after feature engineering
22163,22a020af0e4be83dea45c0700d065d9ae64630748c02b58397f6c6d91c3efb0d,1,31,1,0.67,Medium,rf_c_top50,Top-50 selected features after feature engineering
22164,2ee6dfbfb2afd7442c9f2212eb142876698851c3ffb552ee420c0281e35a836e,1,31,1,0.62,Medium,rf_c_top50,Top-50 selected features after feature engineering
22165,311dc38f619f40f06bee5157119ab4b93684924f53e4ff2da34412f9dac111a4,1,31,1,0.67,Medium,rf_c_top50,Top-50 selected features after feature engineering
22166,376fdb43699c90fd6cca2706c14827791137b3a753c7368a202de63f588fdb2f,1,31,1,0.68,Medium,rf_c_top50,Top-50 selected features after feature engineering
22167,38478119e3344e735cf60442e7528db63046a543a5f422db8f946b2c2693d19a,1,31,1,0.67,Medium,rf_c_top50,Top-50 selected features after feature engineering
22168,3e035f2d7d30869ce53171ef5a0f761bfb9c14d94d9fe6da385e20b8d96dc2fb,1,31,1,0.68,Medium,rf_c_top50,Top-50 selected features after feature engineering
22169,47971a5a44f487f341d482fdcb91271a2aea4d3eee7191c69568690d2fe9f251,1,31,1,0.68,Medium,rf_c_top50,Top-50 selected features after feature engineering
22170,4c752131e47710d47dd0084a22ac03cd5924eb617e97cf895159ae03d86f561e,1,31,1,0.68,Medium,rf_c_top50,Top-50 selected features after feature engineering
22171,4fd0c22d92f8bf7a062497867a802bdbab4c802ac10c8b529fe7f896e7517492,1,31,1,0.67,Medium,rf_c_top50,Top-50 selected features after feature engineering
22172,6e1057e52d296655f932b8a9da7302b31379ce5b9ba4cc32ed3af4c15c7adcf0,1,31,1,0.68,Medium,rf_c_top50,Top-50 selected features after feature engineering
22173,840af927adbfdeb7070e1cf73ed195cf48c8d5f35b6de12f58b73898d7056d3d,1,31,1,0.68,Medium,rf_c_top50,Top-50 selected features after feature engineering
22174,8dfd7ee796dd98daefbc1458a34f0460ebd8508df319d44ab48f4cbc579a7f09,1,31,1,0.68,Medium,rf_c_top50,Top-50 selected features after feature engineering
22175,905de085d2a9ebf553e3325eb9c878b9855f85c10f77e80c46519056658d6bab,1,31,1,0.68,Medium,rf_c_top50,Top-50 selected features after feature engineering
22176,91795d3e8925e647444eb383e52cdc5046db10fa320afc817fab29b085e7d76f,1,31,1,0.68,Medium,rf_c_top50,Top-50 selected features after feature engineering
22177,94733075d7ccdc9d770f71200e11f84c00b8a529182b504fb997e9b331470f9a,1,31,1,0.68,Medium,rf_c_top50,Top-50 selected features after feature engineering
22178,99828018b3af892707985f6a3f8c3d34ae1d1575fdefd7a05f1e6861181ec1b2,1,31,1,0.68,Medium,rf_c_top50,Top-50 selected features after feature engineering
22179,9e302bb7d1031c0b2a4ad6ec955e7d2c0ab9c0d18d56132029c4c6198b91384f,1,31,1,0.68,Medium,rf_c_top50,Top-50 selected features after feature engineering
22180,afccc93c4122d7e63543fc342a4ba9319c4969797c0c3ed32b944b07c83aea16,1,31,1,0.68,Medium,rf_c_top50,Top-50 selected features after feature engineering
22181,b39fcf37d9019cc92127ee82c03df5e37aa8238cd76cc6eca2e3d1e7e977fc26,1,31,1,0.68,Medium,rf_c_top50,Top-50 selected features after feature engineering
22182,b5b105751a2bf965a6b78eeff100fe4c75282ad6f37f98b9adcd15d8c64283ec,1,31,1,0.68,Medium,rf_c_top50,Top-50 selected features after feature engineering
22183,baaa0e49398ef681ef71e84a7a86dd2b78f36ac83785e0d9a061067ebaf8b006,1,31,1,0.68,Medium,rf_c_top50,Top-50 selected features after feature engineering
22184,c0514cd580275b54f5b1d69086c9f415e7afb805479bfea50251e82dc2e60e12,1,31,1,0.68,Medium,rf_c_top50,Top-50 selected features after feature engineering
22185,c75748dc544629a8a5d08c0d8ba7fda3508a3efdaed905ad800ffddbc8d3b8df,1,31,1,0.68,Medium,rf_c_top50,Top-50 selected features after feature engineering
22186,d401be3ec0699cfdc1a16a9243ebc25181385e428122b0b1a283b7a8d47dd0bc,1,31,1,0.68,Medium,rf_c_top50,Top-50 selected features after feature engineering
22187,d4f4069b1c40a5b27ba0bc15c09dceb7035d054a022bb5d558850edfba0b9534,1,31,1,0.68,Medium,rf_c_top50,Top-50 selected features after feature engineering
22188,d6386b2747335f7b0d13b1f69d995944ad8e9b71e09b036dbc0b907e583d857a,1,31,1,0.68,Medium,rf_c_top50,Top-50 selected features after feature engineering
22189,e75717be1633b5e3602827dc3b5788ff691dd325b0eddd2d0d9ddcee29de364f,1,31,1,0.68,Medium,rf_c_top50,Top-50 selected features after feature engineering
22190,00e815ade8f3ad89a7726da8edd168df13f96ccb6c3daaf995aa9428bfb9ecf1,1,32,0,0.43,Medium,rf_c_top50,Top-50 selected features after feature engineering
22191,04e97922edd766b69fecf42370b52f81fe9efd7927e16eb8374042f565430365,1,32,1,1.0,High,rf_c_top50,Top-50 selected features after feature engineering
22192,0778c67835cce4819fecc56c1059c791c0cf023a3a2c4db0ac696d1c3966f9e2,1,32,1,0.92,High,rf_c_top50,Top-50 selected features after feature engineering
22193,07d7a103b08ef363d8b8c3c8ce320c8256d45db08c26d440a9a4ca74d7b46e62,1,32,1,0.98,High,rf_c_top50,Top-50 selected features after feature engineering
22194,09ab880f3021ac2d05e09bebd567ddf5f6f7cfb396573efd819a056931f3b391,1,32,1,0.9,High,rf_c_top50,Top-50 selected features after feature engineering
22195,0d19f60423cb2128555e831dc340152f9588c99f3e47d64f0bb4206a6213d579,1,32,0,0.48,Medium,rf_c_top50,Top-50 selected features after feature engineering
22196,0e3fd4f37b395b9177ccec786f339dd2dc3a539f69b49ac41e55ca21ead7fe73,1,32,1,0.79,High,rf_c_top50,Top-50 selected features after feature engineering
22197,111773fea3e49a77d35abfbeffc2b33fd4b0527d36a643f34be123850ae51fb9,1,32,1,0.91,High,rf_c_top50,Top-50 selected features after feature engineering
22198,128f74421cf96f74d721c1ba4c65b5ca262b3bdd9f96a90090ae4b2f092bc60f,1,32,1,0.68,Medium,rf_c_top50,Top-50 selected features after feature engineering
22199,15f9ed36d9efc6e570b4f506791ce2c6a849853e2f6d587f30fb12d39dba2649,1,32,1,0.7,High,rf_c_top50,Top-50 selected features after feature engineering
22200,1e5a161314bc521356f821200004f9af454ac027e34e25d2961320956be0791b,1,32,1,0.96,High,rf_c_top50,Top-50 selected features after feature engineering
22201,220c50ccf6a9d9727e9f442df42469f027d9f7a2ea833319971746280023bb0c,1,32,1,0.94,High,rf_c_top50,Top-50 selected features after feature engineering
22202,2f29950640d024779134334cad79e2013871afa08c7be94356694db12ee437e2,1,32,0,0.41,Medium,rf_c_top50,Top-50 selected features after feature engineering
22203,3320f11728458d01eef62e10e48897ec1c2277c1fe1aa2d471a16b4dccfc1207,1,32,1,0.98,High,rf_c_top50,Top-50 selected features after feature engineering
22204,389e03b1a1fd1c527d48df74d3c26a0483a5b105f36841193172f1ee80e62c1b,1,32,1,0.66,Medium,rf_c_top50,Top-50 selected features after feature engineering
22205,3d94c4a92382c5c45062d8ea0517be4011be8ba42e9c9a614a99327d0ebdf05b,1,32,1,0.66,Medium,rf_c_top50,Top-50 selected features after feature engineering
22206,428988730867a648960bc25c6b0f73431e9beb028331dfa7b5f5760a5042c12d,1,32,1,0.95,High,rf_c_top50,Top-50 selected features after feature engineering
22207,43e633a9a26287e9be7a4788d750258d64612e7b625ab5a3f0a9128469e99c2d,1,32,1,0.93,High,rf_c_top50,Top-50 selected features after feature engineering
22208,46cd508b7e77bb2c1d47f7fef0042a13c516f8163f9373ef9dfac180131c65ed,1,32,1,0.93,High,rf_c_top50,Top-50 selected features after feature engineering
22209,4b13034d10c60ae0b507b1c21c52fbc3ec75e827225a86e629ecea5fdfffe609,1,32,1,0.94,High,rf_c_top50,Top-50 selected features after feature engineering
22210,4d8374ad8f1dd3885358fa779f04e5890906de40d084a1aeb4afc1decb116289,1,32,1,0.93,High,rf_c_top50,Top-50 selected features after feature engineering
22211,589152e247730d8bbcb546bb43cc79ad72c0098fd76a1c95224e9b8f5f6b9d15,1,32,1,0.94,High,rf_c_top50,Top-50 selected features after feature engineering
22212,64de5359969b2dc8d3aa4d5fd43409defda2c5794a4e89ca7da9396cf4edf279,1,32,1,0.96,High,rf_c_top50,Top-50 selected features after feature engineering
22213,6b3a6afb6edc1c9d36e0793f00be3c0cf6626db26b3cfd31d6a18793453303a7,1,32,1,0.94,High,rf_c_top50,Top-50 selected features after feature engineering
22214,8209162e0985c360c59c568f2f33de74364f0c5f1e984e5785c64825e8ad9fd0,1,32,0,0.4,Medium,rf_c_top50,Top-50 selected features after feature engineering
22215,85b71784734705f6119cdb59b1122ce721895662a6d98bb01e82de7a4f37a188,1,32,1,0.94,High,rf_c_top50,Top-50 selected features after feature engineering
22216,8681d4d20676c19ad62400f47f66146f82b30941937ebf85c1f207257c05cea5,1,32,1,0.55,Medium,rf_c_top50,Top-50 selected features after feature engineering
22217,876202dfc6af9577162ab4ad567e93681d0b1ebde5eacf45c4254a2385f23060,1,32,1,0.96,High,rf_c_top50,Top-50 selected features after feature engineering
22218,8a2dfaffc9420e209f132cdd3aedda4bbc4c18e02c47687006f67c13a36f1dc6,1,32,1,0.98,High,rf_c_top50,Top-50 selected features after feature engineering
22219,8fb307c24f655cc773d692f1354c4c6e265e5e275f66372e460ca61952e38618,1,32,1,0.68,Medium,rf_c_top50,Top-50 selected features after feature engineering
22220,9322ac5c62ad267bedcbfb7e6736377495a00923531fa244c3a2cc98a990c125,1,32,1,0.88,High,rf_c_top50,Top-50 selected features after feature engineering
22221,968307a367471e25bef58b0d4687ab4fdf34539bbfb603b5b19ae99d4d0c0340,1,32,0,0.26,Low,rf_c_top50,Top-50 selected features after feature engineering
22222,9ff6a067f5f97ce0dd05fc338699875a4e736477bc933b97d24a1416f9fd7644,1,32,1,0.92,High,rf_c_top50,Top-50 selected features after feature engineering
22223,aaa4f5bb1bd81db677b21938b03b0cd282c200a9cd0d82ef85c83805c9e8e66f,1,32,1,0.97,High,rf_c_top50,Top-50 selected features after feature engineering
22224,c150954e5fdfc100fbb74258cad6ef2595c239c105ff216b1d9a759c0104be04,1,32,0,0.43,Medium,rf_c_top50,Top-50 selected features after feature engineering
22225,c7e52cc6f1f659ec5d30473e89b7136216de5fbe53ec77a62f1a486d8ffe78ed,1,32,1,0.98,High,rf_c_top50,Top-50 selected features after feature engineering
22226,d0cde86d47219e9c56b717f55dcdb01b0566344c13aa671613598cab427345b9,1,32,1,0.79,High,rf_c_top50,Top-50 selected features after feature engineering
22227,deafee1205dd5fef3c33f2c30cf03cd66b41a7c1b6f10343c04665e4b857e2b6,1,32,1,0.9,High,rf_c_top50,Top-50 selected features after feature engineering
22228,e48900dc697582db4655569bb844602ced3ad2b10b507223912048f1f3039ac6,1,32,0,0.42,Medium,rf_c_top50,Top-50 selected features after feature engineering
22229,e77c8c7514b36d30d0bf51545fe148ebce3f92adba6748c4de71cc105eb56a9c,1,32,1,0.97,High,rf_c_top50,Top-50 selected features after feature engineering
22230,e7f17df3e41c7ac23d3b979a4dd8e92bdf12e08e8dd064bd8614a415322dc639,1,32,1,0.98,High,rf_c_top50,Top-50 selected features after feature engineering
22231,e805dd0124b9f062f6b5bc9de627eabc601b9d6e8ffe1d90ee552a1ece598a89,1,32,1,0.93,High,rf_c_top50,Top-50 selected features after feature engineering
22232,ed3dfa9f2452537d378ead320e1506d392d3f91557d8c52714dfd6024176cf73,1,32,0,0.49,Medium,rf_c_top50,Top-50 selected features after feature engineering
22233,ee83fd9b8368bd4d2cdbebdccfdb41373c3c490d9c5b8d17530990e084131f29,1,32,1,0.98,High,rf_c_top50,Top-50 selected features after feature engineering
22234,f55e4553ed04f085bc5b93cf7e5386c3d938abcb13a95ef1d2c3f8b21c454db8,1,32,1,0.98,High,rf_c_top50,Top-50 selected features after feature engineering
22235,ff2811f8085bde8751d340bb731c83486b62f80850ceffdb594526da8945ce57,1,32,1,0.98,High,rf_c_top50,Top-50 selected features after feature engineering
22236,05ae137c49d99b41296d91667f040082fc33d6f28acbccdc28cfbedf59f6f75b,1,33,1,1.0,High,rf_c_top50,Top-50 selected features after feature engineering
22237,06173ef5e0646e104caad18a0f849975dfcddf6c292edfa4c2980b8947502ac8,1,33,1,1.0,High,rf_c_top50,Top-50 selected features after feature engineering
22238,065208b037a2691eb75a14f97bdbd9914122655d42f6249d2cca419a1e4ba6f1,1,33,0,0.42,Medium,rf_c_top50,Top-50 selected features after feature engineering
22239,08661aa84e59af054e1e7bcde2340b9b7ce83768273999c9ad055e6b6cbd4977,1,33,1,1.0,High,rf_c_top50,Top-50 selected features after feature engineering
22240,0b71b4195c1dd5febd1bf22f62834c471e3c55f76ffa15d536b245652654ed94,1,33,0,0.45,Medium,rf_c_top50,Top-50 selected features after feature engineering
22241,15a290552f9cdc38b18e6c0babe7fdd52ff8abfa73ff823220fa994e7f023dc0,1,33,0,0.42,Medium,rf_c_top50,Top-50 selected features after feature engineering
22242,1613ba0352b2e9b8d40d001de73c0b747413fae95707f646ac8ad9e3c2f9dce7,1,33,0,0.43,Medium,rf_c_top50,Top-50 selected features after feature engineering
22243,1670e8bb8065d23e1b93ed8173f079f338abef880047da21af95dd4db57e20bd,1,33,1,1.0,High,rf_c_top50,Top-50 selected features after feature engineering
22244,16d0c9651cae4ca2641f9e875be9f7b39737292eede7a7870b6081922f40b4b1,1,33,1,1.0,High,rf_c_top50,Top-50 selected features after feature engineering
22245,174fce7e7e2df156a3496ad0f4ecbb8aa6e2b76befc1f5e7a5108601ac62fc70,1,33,0,0.43,Medium,rf_c_top50,Top-50 selected features after feature engineering
22246,199006f7d4dbc6ccdecbe99b18e8582ba42e6f66f6e3de865eebd3de095a3a63,1,33,1,1.0,High,rf_c_top50,Top-50 selected features after feature engineering
22247,1fb6c6be88080f6a91c33616a9aa4c839dbc1062a904eeacd9fd379a22962498,1,33,1,1.0,High,rf_c_top50,Top-50 selected features after feature engineering
22248,201215fdd6ba159d22621f2424f75b25fbe6dac1c85126e174e4ae999ef88111,1,33,1,1.0,High,rf_c_top50,Top-50 selected features after feature engineering
22249,206de75058a7dfa0b96784965baab63a137f2e89a97e623842e7d0bb3f12c2fc,1,33,0,0.45,Medium,rf_c_top50,Top-50 selected features after feature engineering
22250,29d2f9308947efac0c804497666e1f03d61bc9321fdb498152a5d481d1e61a35,1,33,1,1.0,High,rf_c_top50,Top-50 selected features after feature engineering
22251,30414f35f5ae50c9133017c6100b6f82dca0ca872ac6fbcf159b7b1d2303664f,1,33,1,1.0,High,rf_c_top50,Top-50 selected features after feature engineering
22252,32ff0e5d87ec16544b6ff936d6fd58023925c3bdabaf962c492f6b078cb01914,1,33,0,0.43,Medium,rf_c_top50,Top-50 selected features after feature engineering
22253,33aceb3dc0681a56226d4cfce32eee7a431e66f5c746a4d6dc7506a72b317277,1,33,1,1.0,High,rf_c_top50,Top-50 selected features after feature engineering
22254,3489cfa46b9cc21f3fbd73d3225b1f42223a9c14bec10c8d305f72192314a372,1,33,1,1.0,High,rf_c_top50,Top-50 selected features after feature engineering
22255,36759cab7043cd7561ac6c3968832b30c9a442eff4d536e901d4ff70aef4d32d,1,33,0,0.43,Medium,rf_c_top50,Top-50 selected features after feature engineering
22256,382da46b770736639b495071c4c5a0b139eb486583b7b9548274ce6e4f663cb8,1,33,0,0.45,Medium,rf_c_top50,Top-50 selected features after feature engineering
22257,4a484842f4376660894109a2123cd4e1917193efcce9b776e8c769fc667c05b3,1,33,1,1.0,High,rf_c_top50,Top-50 selected features after feature engineering
22258,4a5bc30a85bc4b000d8dcedf533c8049fb6d42f31c7a0a524aaa2a0275ac6c0f,1,33,1,1.0,High,rf_c_top50,Top-50 selected features after feature engineering
22259,4b62c93fbf0b964c4de93a0ce456bccdaee2908b3c0135b3f62912068a728d3e,1,33,0,0.45,Medium,rf_c_top50,Top-50 selected features after feature engineering
22260,4d15aa5d68b0e8b081c18d0ee5c06cc1758d17246a8d01b3c8ac48d1ef07610b,1,33,1,1.0,High,rf_c_top50,Top-50 selected features after feature engineering
22261,545a22b900104571ca0718336c6dfe37574263f1670d55835859b30f9776b028,1,33,0,0.45,Medium,rf_c_top50,Top-50 selected features after feature engineering
22262,6920e86a65fc94f9fd46c46c09187b802a13801904e06c6aa63c10e0c9197218,1,33,1,1.0,High,rf_c_top50,Top-50 selected features after feature engineering
22263,70b278b5e01f7cc409a112892e8f2ff243afa0d0815d060e31a813ba24316d37,1,33,0,0.45,Medium,rf_c_top50,Top-50 selected features after feature engineering
22264,7bdb4508714a56fe5e6d9eb757ee475d08809470c6a02baa901484f0697cc362,1,33,0,0.43,Medium,rf_c_top50,Top-50 selected features after feature engineering
22265,7cb066628b72dafaf1ad07e3c98c8bc5520df2f3b417d5b0acb5ded1b0279347,1,33,1,1.0,High,rf_c_top50,Top-50 selected features after feature engineering
22266,7fb0391651fff5ea815395dd278986dc23af9e91036ce178dd25951758ea94c6,1,33,1,1.0,High,rf_c_top50,Top-50 selected features after feature engineering
22267,89a9279a31e78ceb036d8be5b2e3c7aeb1021a05cff7bbd5e5025250c911234b,1,33,1,1.0,High,rf_c_top50,Top-50 selected features after feature engineering
22268,9377cbf352b7aa61f79190789c669ab2d6855cb3429ce494bc79abe0267bf4cc,1,33,1,1.0,High,rf_c_top50,Top-50 selected features after feature engineering
22269,a33e93343f46eafa16ccd18a9376f528e146de57673d9fad0a6ce68130cd9357,1,33,1,1.0,High,rf_c_top50,Top-50 selected features after feature engineering
22270,a4878bb4655f21dd34b5a8a853ebea6b9cca292190c6ca180b4afe44077002ab,1,33,1,1.0,High,rf_c_top50,Top-50 selected features after feature engineering
22271,b1bfc90de9dcea999dedf285c3d3d7e1901847d84ec297224a0d82720d0ed501,1,33,1,1.0,High,rf_c_top50,Top-50 selected features after feature engineering
22272,b5daf399518d76b8e7ca86ada767d9e90fd0ae6efbe5acc2cc775b929f188228,1,33,0,0.43,Medium,rf_c_top50,Top-50 selected features after feature engineering
22273,b6b1ea26464c92c3d25956815c301caf6fa0da9723a2ef847e2bb9cd11563d8b,1,33,0,0.43,Medium,rf_c_top50,Top-50 selected features after feature engineering
22274,bd7f4d6a3f224536879cca70b940b16251c56707124d52fb09ad828a889648cd,1,33,0,0.45,Medium,rf_c_top50,Top-50 selected features after feature engineering
22275,bd9807c6e5c69f21153103703faa8067a9a883124bcfeb6b0f0645158a97d57d,1,33,1,1.0,High,rf_c_top50,Top-50 selected features after feature engineering
22276,c2fa59fb0c3ed403c5f115310bbb62621bc9ddbf5cba29730e16c65e53b88f64,1,33,1,1.0,High,rf_c_top50,Top-50 selected features after feature engineering
22277,c7c04bcd56f282bc27f160cc80ccab73485dd3123f2efb35b9726a8528b7950f,1,33,0,0.42,Medium,rf_c_top50,Top-50 selected features after feature engineering
22278,cba0c8e316db8c6abcdb69f03936a803d81299d9ae4c59c77839c37cda752539,1,33,1,1.0,High,rf_c_top50,Top-50 selected features after feature engineering
22279,d83a875db07877be5b2b67341d665a06f476f862a48363f30440091d359a749f,1,33,0,0.41,Medium,rf_c_top50,Top-50 selected features after feature engineering
22280,da2128b5608ed39f1a4e4568e0751bd9f8cb4e8587f1a262314d13c03a6a8b9e,1,33,1,1.0,High,rf_c_top50,Top-50 selected features after feature engineering
22281,e17cf8294694af4ed412123981f620908a192947aab6ecd0c31cc59f2ac540ce,1,33,1,1.0,High,rf_c_top50,Top-50 selected features after feature engineering
22282,e9def82da36450f16c48af3abbba2a31f53c9c2f6fae6cf895fbf10698c04ed2,1,33,1,1.0,High,rf_c_top50,Top-50 selected features after feature engineering
22283,ea953cb3c4858e971dc4d75a2a11a6d0af42af36c0cad9c3f1e08d4c6e5f2ef8,1,33,1,1.0,High,rf_c_top50,Top-50 selected features after feature engineering
22284,edf745e4d22485a77b93437843023b27d072fcffb14ea91ca8f309b14d5c5826,1,33,1,1.0,High,rf_c_top50,Top-50 selected features after feature engineering
22285,eeee2a6820eedbe2a37e4c992dc6b3135ee0e340892d2acf74e8a5defb30c7d4,1,33,1,1.0,High,rf_c_top50,Top-50 selected features after feature engineering
22286,541825cb652606c2ea12fd25a842a8b3456d025841c3a7f563655ef77bb67219,1,34,1,1.0,High,rf_c_top50,Top-50 selected features after feature engineering
22287,99fc54786a72f32fd44c7391c2171ca31e72ca52725c68e2dde94d04c286fccd,1,34,1,1.0,High,rf_c_top50,Top-50 selected features after feature engineering
22288,bea866b327a2dc2aa104b7ad7307008919c06620771ec3715a059e675d9f40af,1,34,1,1.0,High,rf_c_top50,Top-50 selected features after feature engineering
22289,f8fc2445a9814ca8cf48a979bff7f182d6538f4d1ff438cf259268e8b4b76f86,1,34,1,1.0,High,rf_c_top50,Top-50 selected features after feature engineering
22290,04f76d44db4c3a8d810348f65e539f8d65af3ee764c058290033da8f5c508fc5,1,35,1,1.0,High,rf_c_top50,Top-50 selected features after feature engineering
22291,0d037ee0252e4f26800bcf7c750f61d0c549b7ba0a522c75e8d96dcf4f689e27,1,35,1,0.97,High,rf_c_top50,Top-50 selected features after feature engineering
22292,124f3a5caf6eb464027f2865225a6a1238c3639e5b4a399f0f7f2dda7bd75aec,1,35,1,0.84,High,rf_c_top50,Top-50 selected features after feature engineering
22293,19417c0a38a1206007a0cc82c0fc2e19db897214d27d0998bc4dbac53cc2788d,1,35,1,1.0,High,rf_c_top50,Top-50 selected features after feature engineering
22294,1c41acdc2e9d8b89522ebb51d65b4c41d7fd130a14ce9d449edb05f53bbb8d59,1,35,1,0.97,High,rf_c_top50,Top-50 selected features after feature engineering
22295,1f6be41de7ce3d1b8b90856a85600326a3c1dc5ce5bfdaa1572568b1dd114a0f,1,35,1,0.97,High,rf_c_top50,Top-50 selected features after feature engineering
22296,34629751d8202be456dcf149b516afefc980a9128dd6096fd6286fee530a0d20,1,35,1,0.97,High,rf_c_top50,Top-50 selected features after feature engineering
22297,3ff1b90dbad5d78397fdc731c3a3c080d91fc488ac9152793b538b74a1e2d8f3,1,35,1,0.97,High,rf_c_top50,Top-50 selected features after feature engineering
22298,4dec9a9044631caef283c7f39a576e4e5c1cc1e6a97ce5c60936a3a3d0097818,1,35,1,0.95,High,rf_c_top50,Top-50 selected features after feature engineering
22299,6c98d424ab1b9bfba683eda340fef6540ffe4ec4634f4b95cf9c70fe4ab2de90,1,35,1,0.97,High,rf_c_top50,Top-50 selected features after feature engineering
22300,84d24a16949b5a89162411ab98ab2230128d8f01a3d3695874394733ac2a1dbd,1,35,1,0.97,High,rf_c_top50,Top-50 selected features after feature engineering
22301,a63937d94b4d0576c083398497f35abc2ed116138bd22fad4aec5714f83371b0,1,35,1,0.97,High,rf_c_top50,Top-50 selected features after feature engineering
22302,ad841882052c3f9d856ad9a393232e0a59d28e17c240d23258f1dac62f903ab8,1,35,1,0.97,High,rf_c_top50,Top-50 selected features after feature engineering
22303,1264b40feaa824d5ba31cef3c8a4ede230c61ef71c8a7994875deefe32bd8b3d,1,36,1,0.99,High,rf_c_top50,Top-50 selected features after feature engineering
22304,368d0894c3840eb1e83e4b0e6910f73193b28a56ee6da124796ff4fdba09f2bf,1,36,1,0.98,High,rf_c_top50,Top-50 selected features after feature engineering
22305,40ff1ab8ac09057421079dae83fb675d7a2a3da6c7d0cd6400a0d720c5b0f58c,1,36,1,0.99,High,rf_c_top50,Top-50 selected features after feature engineering
22306,427713275e7c4515e3c577684a7c5f96e45771fee54f1c3162a2d6a2cc4cd76e,1,36,1,0.99,High,rf_c_top50,Top-50 selected features after feature engineering
22307,4b1170f7774acfdc5517fbe1c911f2bd9f1af498f3c3d25078f05c95701cc999,1,36,1,0.99,High,rf_c_top50,Top-50 selected features after feature engineering
22308,5b03b861884cb3e14a8b888c7dee2ee0d494933df863d504882345fa278d1ea5,1,36,1,0.99,High,rf_c_top50,Top-50 selected features after feature engineering
22309,71cdbbc62e10983db183ca60ab964c1a3dab0d279c5326b2e920522480780956,1,36,1,0.99,High,rf_c_top50,Top-50 selected features after feature engineering
22310,7275034886da11ca6d828547f15cab259e22ba624c5f5762afd237aa686455dd,1,36,1,0.99,High,rf_c_top50,Top-50 selected features after feature engineering
22311,8ea6a6d4578029c7b2dbbfb525ec88b2cb309901ec5a987847471b6101f0de41,1,36,1,0.99,High,rf_c_top50,Top-50 selected features after feature engineering
22312,971f0a32094b8ac10712503305ac6789048d190a209c436839e2e6b0acb016f3,1,36,1,0.99,High,rf_c_top50,Top-50 selected features after feature engineering
22313,a0ccb9019b90716c8ee1bc0829e0e04cf7166be2f25987abbc8987e65cef2e6f,1,36,1,1.0,High,rf_c_top50,Top-50 selected features after feature engineering
22314,a9fdbc6d20b780ca42660ad4803f391308fa0243fbc515fd3c1acf935dd43c1e,1,36,1,0.98,High,rf_c_top50,Top-50 selected features after feature engineering
22315,bdfb7e435f689c2c8d84d1b987c8abf84f300a1d4b9d1389b299937c751adb17,1,36,1,0.99,High,rf_c_top50,Top-50 selected features after feature engineering
22316,cef17b9289ba18c979b704648c0f2b736f65f9f9158b471bc2486b6c14e14a4d,1,36,1,0.99,High,rf_c_top50,Top-50 selected features after feature engineering
22317,fcb8f82961a3f02c9e94da452c5efef868a2c2344fbaaeca51b3c710bb0df8cf,1,36,1,0.98,High,rf_c_top50,Top-50 selected features after feature engineering
22318,ff86191d98d0ce841e0973743aeb05fb354492d1983fe33521a285cf3c9bcc2e,1,36,1,1.0,High,rf_c_top50,Top-50 selected features after feature engineering
22319,45d8ac1ac692d6bb0fe776620371fca02b60cac8db23c4cc7ab5df262da42b78,1,37,1,0.99,High,rf_c_top50,Top-50 selected features after feature engineering
22320,5b7ecf7e9d0715f1122baf4ce745c5fcd769dee48150616753fec4d6da16e99e,1,37,1,0.99,High,rf_c_top50,Top-50 selected features after feature engineering
22321,830207029d83fd46a4a89cd623103ba2321b866428aa04360376e6a390063570,1,37,1,0.99,High,rf_c_top50,Top-50 selected features after feature engineering
22322,1379119b117c11ae810fe679563116c31f8ac565c309849de383baf58df89e90,1,38,1,0.82,High,rf_c_top50,Top-50 selected features after feature engineering
22323,18daff9fb95725122acc0757130f6a67c46d050cb43b1999fe85b0337f76db0f,1,38,1,0.82,High,rf_c_top50,Top-50 selected features after feature engineering
22324,1fca1cd04992e0fcaa714d9dfa97323d81d7e3d43a024ec37d1c7a2767a17577,1,38,1,0.82,High,rf_c_top50,Top-50 selected features after feature engineering
22325,623b69c1fd45686af03cd87f77d6e3e17b263e1cf70a25465ce826f81730f898,1,38,1,0.82,High,rf_c_top50,Top-50 selected features after feature engineering
22326,642d665440104714e29b78e2b19b97996a6693a24f06452865da011564c0cb85,1,38,1,0.82,High,rf_c_top50,Top-50 selected features after feature engineering
22327,6ecad2171819ca386ffe61ff9eb31e99471fa4f315762c7da658165d7e09a55d,1,38,1,0.82,High,rf_c_top50,Top-50 selected features after feature engineering
22328,7b992767dabd6ee1d8680bccfa49a51fb8144a61d3ab66243c39f59fe11a25c2,1,38,1,0.82,High,rf_c_top50,Top-50 selected features after feature engineering
22329,8c1a72991fb04dc3a8cf89605fb85150ef0e742472a0c58b8fa942a1f04877b0,1,38,1,0.92,High,rf_c_top50,Top-50 selected features after feature engineering
22330,a077a55608ced7cea2bd92e2ce7e43bf51076304990ec7bb40c2b384ce2e5283,1,38,1,0.9,High,rf_c_top50,Top-50 selected features after feature engineering
22331,ba1f9c68fccc42d231cc0de9142039853b3437501dc9ec6f111a3cac177dd1a9,1,38,1,0.82,High,rf_c_top50,Top-50 selected features after feature engineering
22332,cebc906d77b8dcd0ad184529becf9e7d1d44309328b819e220068ad64755703f,1,38,1,0.82,High,rf_c_top50,Top-50 selected features after feature engineering
22333,dd93d6cbe7bd8b4443ab37e5490ca8a63c2034637acf7f433d5fb0b69ffde341,1,38,1,0.82,High,rf_c_top50,Top-50 selected features after feature engineering
22334,e90dad1c66d2617f4cc8aad417ae9f7cfe8d0f78711bf1f55684426259ef2803,1,38,1,0.82,High,rf_c_top50,Top-50 selected features after feature engineering
22335,ff5757086c464d624f4a6674d65409fb6fa84ad5ac089583ebc994ba949458d7,1,38,1,0.82,High,rf_c_top50,Top-50 selected features after feature engineering
22336,006ae41910887f0811a3ba2868ef9576bbd265216554850112319af878f06e55,1,39,1,1.0,High,rf_c_top50,Top-50 selected features after feature engineering
22337,0b4f893402b51880d0df703c21195aa0f50cbdd3a5b223cc333cd24f0167c16d,1,39,1,1.0,High,rf_c_top50,Top-50 selected features after feature engineering
22338,0bb0f63a3bd6cc79efc18648b28912bd873a8e14c4918ee3579421f728a62fae,1,39,1,1.0,High,rf_c_top50,Top-50 selected features after feature engineering
22339,0ed328af77f2576071bfd543938fc01101daac01f216dc43bc091a8da4aff18d,1,39,1,1.0,High,rf_c_top50,Top-50 selected features after feature engineering
22340,12d1a0dc37d877dbf81bd18e8bd57b2843cc254c9a3cfcbecb70305612e60cae,1,39,1,1.0,High,rf_c_top50,Top-50 selected features after feature engineering
22341,157c43a3a4e014827e42cf4dd20cc8efa71cdf098f5d1d04b6cd1a972d6a8c7a,1,39,1,1.0,High,rf_c_top50,Top-50 selected features after feature engineering
22342,176476f9d924d83343a51a90ade097d12b7594dc5dbca1771c440047dfbe81eb,1,39,1,1.0,High,rf_c_top50,Top-50 selected features after feature engineering
22343,2ab190542c3ec7b2b6e6d4bccce4c5d6a572f98c6bc89b014fea0c8fd6db6723,1,39,1,1.0,High,rf_c_top50,Top-50 selected features after feature engineering
22344,2e9126dfad03bdaf54f9b29ade42038c83f65ac7288376f45768901660f62d7b,1,39,1,1.0,High,rf_c_top50,Top-50 selected features after feature engineering
22345,3e6317229d122073f57264d6f69ae3e145decad3666ddad8173c942e80588e69,1,39,1,1.0,High,rf_c_top50,Top-50 selected features after feature engineering
22346,463e5c95af41e43a9d6ee85bf84421e64e3de6583c9e2c0bb3e695171a28e913,1,39,1,1.0,High,rf_c_top50,Top-50 selected features after feature engineering
22347,47c7cee3d76106279c4c28ad1de3c833c1ba0a2ec56b0150586c7e8480ccae57,1,39,1,1.0,High,rf_c_top50,Top-50 selected features after feature engineering
22348,5573cbe13c0dbfd3d0e467b9907f3a89c1c133c774ada906ea256e228ae885d5,1,39,1,1.0,High,rf_c_top50,Top-50 selected features after feature engineering
22349,5e94626c6bcb825acede3826811ed693644d6dbb7caeeefb8575c2ec711a65a6,1,39,1,1.0,High,rf_c_top50,Top-50 selected features after feature engineering
22350,5eca08ddca898427de5ab13fedf25426102c3a0621d086b63f2e37d2d04ba3e9,1,39,1,1.0,High,rf_c_top50,Top-50 selected features after feature engineering
22351,608e2b023dc8f7e02ae2000fc7dbfc24e47807d1e4264cbd6bb5839c81f91934,1,39,1,1.0,High,rf_c_top50,Top-50 selected features after feature engineering
22352,61c63be1e0ebf23a616e02f8929364f270b03190ab9132fa638b3dd20b6dc109,1,39,1,1.0,High,rf_c_top50,Top-50 selected features after feature engineering
22353,73e19be4da76bb4e52cb82493c75690977fc3a5f589a9b47e834362545ef512a,1,39,1,1.0,High,rf_c_top50,Top-50 selected features after feature engineering
22354,757524b09e5d4f2399172c4ac0f6996ec34dec90110542973d438d5370aff280,1,39,1,1.0,High,rf_c_top50,Top-50 selected features after feature engineering
22355,7d14b98cdc1b898bd0d9be80398fc59ab560e8c44e0a9dedac8ad4ece3d450b0,1,39,1,1.0,High,rf_c_top50,Top-50 selected features after feature engineering
22356,8962de34e5d63228d5ab037c87262e5b13bb9c17e73e5db7d6be4212d66f1c22,1,39,1,1.0,High,rf_c_top50,Top-50 selected features after feature engineering
22357,92f3abed62d710064a19f2a50c4482cd02adfd821ace4c2f3030f96290166189,1,39,1,1.0,High,rf_c_top50,Top-50 selected features after feature engineering
22358,952fec5f9e7137951700d7e4239728f903e360b3fdb0332deb9448bdc31c2f3f,1,39,1,1.0,High,rf_c_top50,Top-50 selected features after feature engineering
22359,957a6aee2437a5c4d31372af2f6bceb29e1c7a49d650fe207cefc624bf6bca82,1,39,1,1.0,High,rf_c_top50,Top-50 selected features after feature engineering
22360,96835abb2917ee87359a8669c4f28b9e8b1ee402e45153e98474a7b2135ca2cd,1,39,1,1.0,High,rf_c_top50,Top-50 selected features after feature engineering
22361,97c1b1ff5aee63fd1c042384e9b88e869fc33105c60d65819bcf98a610508c8d,1,39,1,1.0,High,rf_c_top50,Top-50 selected features after feature engineering
22362,9e69416cac3cb428cfb1894fbf7990692978edbf57737ad4c812d53c49687898,1,39,1,1.0,High,rf_c_top50,Top-50 selected features after feature engineering
22363,ac2077199eff791b44274b3f0634e5c23ff219e4097136d59baaf6fba337989f,1,39,1,1.0,High,rf_c_top50,Top-50 selected features after feature engineering
22364,bb51255ec929ae1fb34981b8b988769027ee49e68c0958a4a2a76b59a0dc1cff,1,39,1,1.0,High,rf_c_top50,Top-50 selected features after feature engineering
22365,bbd84d10f6a56bfeca23fd5d11d9e370fdfa91be73aa60c9d460b2671145c109,1,39,1,1.0,High,rf_c_top50,Top-50 selected features after feature engineering
22366,c0eab1dbd64ffbe9c2f77f0e71e30cfff8467aa7e9ce2ed74e7a8dcdd861e3a6,1,39,1,1.0,High,rf_c_top50,Top-50 selected features after feature engineering
22367,c3e9740759f6cdd8eab97bc23430e1f042862ab41eacec0bb763693e5745549c,1,39,1,1.0,High,rf_c_top50,Top-50 selected features after feature engineering
22368,c441e4d38af87a46dae4ea4823456e42145238d300b51d83a7060cee0b57de28,1,39,1,1.0,High,rf_c_top50,Top-50 selected features after feature engineering
22369,cd16f6b2faaf801a0de5d5afc68ed50a5bde9b4905bb00fe5f408b265ec081e5,1,39,1,1.0,High,rf_c_top50,Top-50 selected features after feature engineering
22370,d9d64a1e9e7d6911f256f2d449cc8ab58301396374265215e5c121bf036ba58d,1,39,1,1.0,High,rf_c_top50,Top-50 selected features after feature engineering
22371,dcaf62ee4637397b2aaa73dbe41cfb514c71565f1d4770944c9b678cd2545087,1,39,1,1.0,High,rf_c_top50,Top-50 selected features after feature engineering
22372,dd101db5d9503f33a0c23d79da3642e999375748f7c1532e98c813b114bdfa1a,1,39,1,1.0,High,rf_c_top50,Top-50 selected features after feature engineering
22373,e4f32fe39ce7f9f293ccbfde30adfdc36caf7cfb6ccc396870527f45534b840b,1,39,1,1.0,High,rf_c_top50,Top-50 selected features after feature engineering
22374,e641b622b1f180fe189e3f39b3466b16ca5040b5a1869e5d30c92cca5727d3f0,1,39,1,1.0,High,rf_c_top50,Top-50 selected features after feature engineering
22375,f054f373cead893f868fd9b4acc24f751afefbb80cf961e305f97741f952a641,1,39,1,1.0,High,rf_c_top50,Top-50 selected features after feature engineering
22376,f284064ee25c56c68dd76370470567818ffcbf4ae134c7beca1c3ba773c21619,1,39,1,1.0,High,rf_c_top50,Top-50 selected features after feature engineering
22377,f39d6741cbb99a81decbe5e75c07e846b5a36b40bc1bb0c0c61415300cc43b6c,1,39,1,1.0,High,rf_c_top50,Top-50 selected features after feature engineering
22378,f6072ff57c1cfe74b88f521d70c524bcbbb60c561705e9febe033f51131be408,1,39,1,1.0,High,rf_c_top50,Top-50 selected features after feature engineering
22379,0789a9c0a0d4f3422cb4e9b8e64f1ba92f7b88e2edfd14b7b9a7f5eee5135a4f,1,40,1,0.92,High,rf_c_top50,Top-50 selected features after feature engineering
22380,0f3bb820adf6d3bba54988ef40d8188ae48b34b757277e86728bdb8441d01ea2,1,40,1,0.92,High,rf_c_top50,Top-50 selected features after feature engineering
22381,2fd8356abd42b19799aca857990a5f49631b02bd3253f80d96b5d27dcfd2f7c9,1,40,1,0.91,High,rf_c_top50,Top-50 selected features after feature engineering
22382,511c1021fad76670d6d407139e5fef62b34ca9656fb735bd7d406728568fa280,1,40,1,0.94,High,rf_c_top50,Top-50 selected features after feature engineering
22383,834c1dc19baf8b9edf78f17ffd5b46eea29eb05aaa348304baa218811eac7bfe,1,40,1,0.91,High,rf_c_top50,Top-50 selected features after feature engineering
22384,b63e94928da25e18caa1506305b9ca3dedc267e747dfa4710860e757d2cc8192,1,40,1,0.91,High,rf_c_top50,Top-50 selected features after feature engineering
